ID,Sepsis
ICU200609,Negative
ICU200610,Positive
ICU200611,Positive
ICU200612,Positive
ICU200613,Positive
ICU200614,Positive
ICU200615,Positive
ICU200616,Negative
ICU200617,Negative
ICU200618,Negative
ICU200619,Negative
ICU200620,Positive
ICU200621,Positive
ICU200622,Positive
ICU200623,Positive
ICU200624,Positive
ICU200625,Positive
ICU200626,Positive
ICU200627,Negative
ICU200628,Positive
ICU200629,Negative
ICU200630,Negative
ICU200631,Positive
ICU200632,Positive
ICU200633,Negative
ICU200634,Negative
ICU200635,Positive
ICU200636,Negative
ICU200637,Negative
ICU200638,Positive
ICU200639,Positive
ICU200640,Positive
ICU200641,Negative
ICU200642,Negative
ICU200643,Negative
ICU200644,Positive
ICU200645,Positive
ICU200646,Positive
ICU200647,Negative
ICU200648,Positive
ICU200649,Negative
ICU200650,Negative
ICU200651,Positive
ICU200652,Positive
ICU200653,Positive
ICU200654,Positive
ICU200655,Negative
ICU200656,Negative
ICU200657,Negative
ICU200658,Positive
ICU200659,Positive
ICU200660,Negative
ICU200661,Negative
ICU200662,Positive
ICU200663,Negative
ICU200664,Negative
ICU200665,Negative
ICU200666,Negative
ICU200667,Negative
ICU200668,Positive
ICU200669,Positive
ICU200670,Positive
ICU200671,Positive
ICU200672,Positive
ICU200673,Positive
ICU200674,Positive
ICU200675,Negative
ICU200676,Positive
ICU200677,Positive
ICU200678,Positive
ICU200679,Positive
ICU200680,Positive
ICU200681,Positive
ICU200682,Positive
ICU200683,Positive
ICU200684,Positive
ICU200685,Positive
ICU200686,Positive
ICU200687,Negative
ICU200688,Positive
ICU200689,Negative
ICU200690,Negative
ICU200691,Positive
ICU200692,Negative
ICU200693,Positive
ICU200694,Negative
ICU200695,Negative
ICU200696,Positive
ICU200697,Positive
ICU200698,Negative
ICU200699,Negative
ICU200700,Positive
ICU200701,Positive
ICU200702,Negative
ICU200703,Positive
ICU200704,Negative
ICU200705,Positive
ICU200706,Positive
ICU200707,Negative
ICU200708,Positive
ICU200709,Positive
ICU200710,Negative
ICU200711,Positive
ICU200712,Positive
ICU200713,Positive
ICU200714,Positive
ICU200715,Positive
ICU200716,Positive
ICU200717,Negative
ICU200718,Positive
ICU200719,Negative
ICU200720,Positive
ICU200721,Positive
ICU200722,Positive
ICU200723,Negative
ICU200724,Positive
ICU200725,Positive
ICU200726,Positive
ICU200727,Positive
ICU200728,Negative
ICU200729,Positive
ICU200730,Positive
ICU200731,Negative
ICU200732,Negative
ICU200733,Positive
ICU200734,Negative
ICU200735,Positive
ICU200736,Negative
ICU200737,Positive
ICU200738,Negative
ICU200739,Negative
ICU200740,Positive
ICU200741,Positive
ICU200742,Negative
ICU200743,Negative
ICU200744,Positive
ICU200745,Positive
ICU200746,Negative
ICU200747,Positive
ICU200748,Negative
ICU200749,Negative
ICU200750,Positive
ICU200751,Positive
ICU200752,Negative
ICU200753,Positive
ICU200754,Positive
ICU200755,Positive
ICU200756,Positive
ICU200757,Negative
ICU200758,Positive
ICU200759,Positive
ICU200760,Positive
ICU200761,Negative
ICU200762,Positive
ICU200763,Negative
ICU200764,Positive
ICU200765,Negative
ICU200766,Positive
ICU200767,Negative
ICU200768,Negative
ICU200769,Positive
ICU200770,Negative
ICU200771,Positive
ICU200772,Positive
ICU200773,Positive
ICU200774,Positive
ICU200775,Positive
ICU200776,Negative
ICU200777,Positive
